"","CAPOVERALL","CurrentModCodValue","USGOVERALL","DEVICEID"
"1",200,"16APSK - two-third",199,"TERM1252"
"2",0,"8PSK - two-third",0,"TERM1225"
"3",10000,"QPSK - two-third",4027,"TERM594"
"4",10000,"16APSK - two-third",7436,"TERM854"
"5",0,"QPSK - fifth-sixth",0,"TERM995"
"6",0,"8PSK - two-third",0,"TERM753"
"7",0,"8PSK - two-third",0,"TERM1334"
"8",10000,"16APSK - two-third",9976,"TERM1291"
"9",5000,"8PSK - three-fourth",1750,"TERM1318"
"10",0,"8PSK - two-third",0,"TERM1297"
"11",0,"8PSK - two-third",0,"TERM357"
"12",5000,"8PSK - two-third",4304,"TERM1068"
"13",0,"8PSK - two-third",0,"TERM1066"
"14",0,"8PSK - two-third",0,"TERM1276"
"15",0,"8PSK - three-fourth",0,"TERM1298"
"16",0,"8PSK - three-fourth",0,"TERM192"
"17",0,"8PSK - two-third",0,"TERM788"
"18",0,"8PSK - three-fourth",0,"TERM1218"
"19",0,"8PSK - two-third",0,"TERM1211"
"20",0,"16APSK - two-third",0,"TERM1263"
"21",0,"QPSK - fifth-sixth",0,"TERM987"
"22",0,"8PSK - two-third",0,"TERM829"
"23",0,"16APSK - two-third",0,"TERM1223"
"24",5000,"16APSK - two-third",346,"TERM1183"
"25",0,"8PSK - three-fourth",0,"TERM310"
"26",0,"8PSK - two-third",0,"TERM1065"
"27",0,"16APSK - two-third",0,"TERM1215"
"28",0,"8PSK - three-fourth",0,"TERM1174"
"29",0,"16APSK - two-third",0,"TERM1206"
"30",0,"8PSK - three-fourth",0,"TERM1220"
"31",0,"16APSK - three-fourth",0,"TERM414"
"32",0,"8PSK - two-third",0,"TERM383"
"33",0,"16APSK - two-third",0,"TERM1051"
"34",0,"16APSK - three-fourth",0,"TERM1137"
"35",0,"16APSK - two-third",0,"TERM1195"
"36",0,"16APSK - two-third",0,"TERM1192"
"37",200,"8PSK - two-third",0,"TERM1191"
"38",0,"8PSK - three-fourth",0,"TERM58"
"39",0,"QPSK - fifth-sixth",0,"TERM1045"
"40",0,"8PSK - three-fourth",0,"TERM1180"
"41",200,"16APSK - two-third",199,"TERM953"
"42",0,"16APSK - two-third",0,"TERM1165"
"43",0,"8PSK - three-fourth",0,"TERM1153"
"44",0,"8PSK - three-fourth",0,"TERM113"
"45",0,"8PSK - three-fourth",0,"TERM1080"
"46",0,"8PSK - two-third",0,"TERM1177"
"47",0,"QPSK - two-third",0,"TERM714"
"48",0,"8PSK - three-fourth",0,"TERM726"
"49",0,"8PSK - three-fourth",0,"TERM1173"
"50",0,"8PSK - three-fourth",0,"TERM1163"
"51",10000,"8PSK - three-fourth",4471,"TERM1098"
"52",200,"8PSK - two-third",0,"TERM30"
"53",0,"8PSK - two-third",0,"TERM425"
"54",0,"8PSK - two-third",0,"TERM1086"
"55",0,"8PSK - three-fourth",0,"TERM1094"
"56",0,"8PSK - two-third",0,"TERM1089"
"57",0,"16APSK - two-third",0,"TERM1106"
"58",0,"8PSK - two-third",0,"TERM994"
"59",0,"8PSK - two-third",0,"TERM991"
"60",0,"8PSK - three-fourth",0,"TERM978"
"61",0,"8PSK - two-third",0,"TERM1015"
"62",0,"8PSK - two-third",0,"TERM847"
"63",0,"8PSK - two-third",0,"TERM826"
"64",0,"QPSK - fifth-sixth",0,"TERM844"
"65",0,"8PSK - three-fourth",0,"TERM657"
"66",0,"8PSK - three-fourth",0,"TERM628"
"67",0,"16APSK - two-third",0,"TERM1077"
"68",200,"8PSK - three-fourth",200,"TERM1092"
"69",0,"16APSK - two-third",0,"TERM1085"
"70",0,"8PSK - two-third",0,"TERM973"
"71",0,"8PSK - three-fourth",0,"TERM1079"
"72",0,"8PSK - three-fourth",0,"TERM756"
"73",0,"8PSK - three-fourth",0,"TERM1023"
"74",0,"QPSK - fifth-sixth",0,"TERM913"
"75",0,"8PSK - two-third",0,"TERM1057"
"76",0,"16APSK - three-fourth",0,"TERM152"
"77",0,"8PSK - two-third",0,"TERM1027"
"78",0,"QPSK - fifth-sixth",0,"TERM924"
"79",0,"8PSK - two-third",0,"TERM907"
"80",0,"16APSK - two-third",0,"TERM893"
"81",0,"8PSK - three-fourth",0,"TERM1022"
"82",0,"8PSK - three-fourth",0,"TERM952"
"83",0,"16APSK - two-third",0,"TERM964"
"84",0,"8PSK - three-fourth",0,"TERM985"
"85",0,"16APSK - two-third",0,"TERM942"
"86",0,"8PSK - three-fourth",0,"TERM754"
"87",0,"8PSK - three-fourth",0,"TERM940"
"88",0,"8PSK - three-fourth",0,"TERM956"
"89",0,"8PSK - three-fourth",0,"TERM1040"
"90",0,"16APSK - two-third",0,"TERM1041"
"91",0,"16APSK - two-third",0,"TERM951"
"92",0,"8PSK - three-fourth",0,"TERM885"
"93",0,"8PSK - three-fourth",0,"TERM636"
"94",0,"16APSK - two-third",0,"TERM919"
"95",0,"8PSK - three-fourth",0,"TERM932"
"96",0,"8PSK - three-fourth",0,"TERM632"
"97",0,"8PSK - three-fourth",0,"TERM855"
"98",0,"8PSK - three-fourth",0,"TERM906"
"99",0,"QPSK - fifth-sixth",0,"TERM914"
"100",0,"8PSK - two-third",0,"TERM939"
"101",0,"8PSK - two-third",0,"TERM879"
"102",0,"8PSK - three-fourth",0,"TERM516"
"103",0,"16APSK - two-third",0,"TERM767"
"104",0,"8PSK - three-fourth",0,"TERM882"
"105",0,"8PSK - three-fourth",0,"TERM856"
"106",0,"8PSK - two-third",0,"TERM779"
"107",0,"8PSK - two-third",0,"TERM864"
"108",0,"16APSK - two-third",0,"TERM910"
"109",0,"QPSK - fifth-sixth",0,"TERM902"
"110",0,"8PSK - three-fourth",0,"TERM843"
"111",0,"16APSK - two-third",0,"TERM888"
"112",0,"8PSK - three-fourth",0,"TERM878"
"113",0,"8PSK - two-third",0,"TERM871"
"114",0,"8PSK - two-third",0,"TERM862"
"115",0,"8PSK - three-fourth",0,"TERM820"
"116",0,"16APSK - two-third",0,"TERM848"
"117",0,"8PSK - two-third",0,"TERM861"
"118",200,"16APSK - two-third",199,"TERM307"
"119",0,"QPSK - fifth-sixth",0,"TERM858"
"120",0,"8PSK - two-third",0,"TERM143"
"121",0,"QPSK - fifth-sixth",0,"TERM784"
"122",0,"8PSK - two-third",0,"TERM816"
"123",0,"8PSK - three-fourth",0,"TERM441"
"124",0,"8PSK - three-fourth",0,"TERM806"
"125",0,"8PSK - three-fourth",0,"TERM785"
"126",0,"8PSK - three-fourth",0,"TERM704"
"127",0,"QPSK - fifth-sixth",0,"TERM64"
"128",0,"8PSK - two-third",0,"TERM769"
"129",0,"8PSK - three-fourth",0,"TERM655"
"130",0,"8PSK - three-fourth",0,"TERM695"
"131",0,"8PSK - three-fourth",0,"TERM671"
"132",0,"8PSK - two-third",0,"TERM678"
"133",0,"8PSK - two-third",0,"TERM677"
"134",0,"16APSK - two-third",0,"TERM679"
"135",0,"16APSK - two-third",0,"TERM682"
"136",0,"8PSK - two-third",0,"TERM676"
"137",0,"8PSK - two-third",0,"TERM696"
"138",0,"8PSK - two-third",0,"TERM617"
"139",0,"8PSK - two-third",0,"TERM641"
"140",0,"8PSK - two-third",0,"TERM681"
"141",0,"8PSK - three-fourth",0,"TERM666"
"142",0,"8PSK - two-third",0,"TERM572"
"143",0,"8PSK - two-third",0,"TERM620"
"144",0,"16APSK - four-fifth",0,"TERM503"
"145",0,"32APSK - two-third",0,"TERM504"
"146",0,"16APSK - two-third",0,"TERM659"
"147",0,"8PSK - three-fourth",0,"TERM551"
"148",0,"16APSK - two-third",0,"TERM622"
"149",0,"8PSK - three-fourth",0,"TERM630"
"150",0,"16APSK - two-third",0,"TERM648"
"151",0,"8PSK - two-third",0,"TERM616"
"152",0,"8PSK - two-third",0,"TERM635"
"153",0,"8PSK - three-fourth",0,"TERM463"
"154",0,"8PSK - two-third",0,"TERM490"
"155",0,"16APSK - two-third",0,"TERM469"
"156",0,"8PSK - two-third",0,"TERM524"
"157",0,"8PSK - two-third",0,"TERM537"
"158",0,"8PSK - two-third",0,"TERM242"
"159",0,"8PSK - three-fourth",0,"TERM243"
"160",0,"8PSK - two-third",0,"TERM527"
"161",0,"QPSK - fifth-sixth",0,"TERM487"
"162",0,"16APSK - two-third",0,"TERM475"
"163",0,"16APSK - two-third",0,"TERM507"
"164",0,"8PSK - three-fourth",0,"TERM489"
"165",0,"16APSK - two-third",0,"TERM470"
"166",0,"8PSK - three-fourth",0,"TERM483"
"167",0,"16APSK - two-third",0,"TERM1271"
"168",0,"QPSK - ninth-tenth",0,"TERM1239"
"169",0,"QPSK - ninth-tenth",0,"TERM1178"
"170",0,"8PSK - two-third",0,"TERM1111"
"171",0,"QPSK - two-third",0,"TERM1100"
"172",0,"8PSK - two-third",0,"TERM986"
"173",0,"8PSK - three-fourth",0,"TERM544"
"174",0,"8PSK - fifth-sixth",0,"TERM845"
"175",0,"16APSK - two-third",0,"TERM831"
"176",0,"8PSK - three-fourth",0,"TERM727"
"177",0,"8PSK - two-third",0,"TERM819"
"178",0,"16APSK - two-third",0,"TERM807"
"179",0,"QPSK - two-third",0,"TERM301"
"180",0,"8PSK - three-fourth",0,"TERM479"
"181",5000,"16APSK - two-third",2871,"TERM1321"
"182",10000,"QPSK - fifth-sixth",0,"TERM1317"
"183",0,"8PSK - two-third",0,"TERM896"
"184",0,"QPSK - two-third",0,"TERM47"
"185",0,"8PSK - two-third",0,"TERM1253"
"186",10000,"8PSK - three-fourth",0,"TERM1287"
"187",20000,"8PSK - three-fourth",15342,"TERM1255"
"188",0,"16APSK - two-third",0,"TERM1257"
"189",0,"8PSK - three-fourth",0,"TERM1258"
"190",0,"16APSK - two-third",0,"TERM1064"
"191",5000,"QPSK - one-half",0,"TERM1217"
"192",5000,"16APSK - two-third",906,"TERM1227"
"193",0,"8PSK - two-third",0,"TERM891"
"194",0,"16APSK - two-third",0,"TERM810"
"195",0,"16APSK - two-third",0,"TERM180"
"196",0,"8PSK - two-third",0,"TERM955"
"197",0,"8PSK - two-third",0,"TERM967"
"198",0,"QPSK - fifth-sixth",0,"TERM898"
"199",0,"8PSK - two-third",0,"TERM944"
"200",0,"8PSK - two-third",0,"TERM852"
"201",0,"8PSK - two-third",0,"TERM853"
"202",0,"16APSK - two-third",0,"TERM419"
"203",0,"8PSK - three-fourth",0,"TERM752"
"204",0,"8PSK - two-third",0,"TERM689"
"205",0,"8PSK - three-fourth",0,"TERM585"
"206",200,"8PSK - two-third",200,"TERM474"
"207",0,"8PSK - three-fourth",0,"TERM492"
"208",0,"8PSK - two-third",0,"TERM408"
"209",0,"16APSK - two-third",0,"TERM511"
"210",0,"8PSK - three-fourth",0,"TERM491"
"211",0,"8PSK - three-fourth",0,"TERM476"
"212",40000,"16APSK - twenty five-thirty sixth",39996,"TERM736"
"213",40000,"QPSK - one-half",39998,"TERM626"
"214",0,"QPSK - one-half",0,"TERM207"
"215",60000,"16APSK - two-third",52633,"TERM347"
"216",5000,"8PSK - three-fourth",0,"TERM1358"
"217",0,"8PSK - three-fourth",0,"TERM1354"
"218",10000,"8PSK - three-fourth",9879,"TERM1325"
"219",5000,"16APSK - two-third",4975,"TERM1348"
"220",5000,"16APSK - two-third",4526,"TERM1327"
"221",200,"8PSK - three-fourth",0,"TERM1320"
"222",0,"8PSK - three-fourth",0,"TERM1282"
"223",200,"8PSK - three-fourth",199,"TERM1265"
"224",60000,"16APSK - two-third",35268,"TERM1169"
"225",0,"8PSK - three-fourth",0,"TERM703"
"226",10000,"8PSK - three-fourth",0,"TERM1143"
"227",0,"16APSK - two-third",0,"TERM1105"
"228",0,"16APSK - two-third",0,"TERM1138"
"229",0,"8PSK - three-fourth",0,"TERM1037"
"230",0,"16APSK - two-third",0,"TERM1034"
"231",0,"8PSK - three-fourth",0,"TERM1028"
"232",0,"8PSK - three-fourth",0,"TERM834"
"233",0,"8PSK - three-fourth",0,"TERM772"
"234",0,"16APSK - two-third",0,"TERM519"
"235",0,"8PSK - three-fourth",0,"TERM508"
"236",0,"8PSK - three-fourth",0,"TERM531"
"237",0,"16APSK - two-third",0,"TERM557"
"238",0,"16APSK - two-third",0,"TERM488"
"239",0,"16APSK - two-third",0,"TERM547"
"240",0,"16APSK - two-third",0,"TERM543"
"241",0,"8PSK - two-third",0,"TERM380"
"242",0,"8PSK - three-fourth",0,"TERM379"
"243",0,"16APSK - three-fourth",0,"TERM1322"
"244",0,"8PSK - two-third",0,"TERM930"
"245",0,"8PSK - two-third",0,"TERM1136"
"246",0,"8PSK - three-fourth",0,"TERM1147"
"247",5000,"8PSK - two-third",0,"TERM1129"
"248",0,"8PSK - two-third",0,"TERM1130"
"249",10000,"QPSK - fifth-sixth",9998,"TERM1116"
"250",0,"8PSK - three-fourth",0,"TERM1050"
"251",0,"8PSK - two-third",0,"TERM911"
"252",0,"8PSK - two-third",0,"TERM901"
"253",0,"8PSK - three-fourth",0,"TERM936"
"254",0,"8PSK - three-fourth",0,"TERM903"
"255",0,"8PSK - two-third",0,"TERM908"
"256",0,"8PSK - three-fourth",0,"TERM1312"
"257",0,"8PSK - two-third",0,"TERM1214"
"258",0,"16APSK - two-third",0,"TERM1309"
"259",0,"8PSK - two-third",0,"TERM457"
"260",0,"8PSK - three-fourth",0,"TERM1295"
"261",0,"8PSK - three-fourth",0,"TERM1294"
"262",0,"8PSK - three-fourth",0,"TERM1280"
"263",0,"QPSK - fifth-sixth",0,"TERM1278"
"264",0,"8PSK - two-third",0,"TERM1283"
"265",0,"QPSK - fifth-sixth",0,"TERM1279"
"266",0,"8PSK - two-third",0,"TERM1261"
"267",10000,"8PSK - three-fourth",9662,"TERM1216"
"268",0,"8PSK - two-third",0,"TERM1275"
"269",0,"16APSK - four-fifth",0,"TERM825"
"270",20000,"8PSK - three-fourth",15312,"TERM1201"
"271",200,"16APSK - two-third",0,"TERM870"
"272",0,"QPSK - fifth-sixth",0,"TERM886"
"273",0,"8PSK - three-fourth",0,"TERM971"
"274",0,"8PSK - three-fourth",0,"TERM966"
"275",0,"16APSK - two-third",0,"TERM979"
"276",0,"8PSK - three-fourth",0,"TERM961"
"277",0,"8PSK - three-fourth",0,"TERM948"
"278",0,"8PSK - two-third",0,"TERM1002"
"279",0,"16APSK - two-third",0,"TERM982"
"280",0,"8PSK - three-fourth",0,"TERM975"
"281",0,"8PSK - three-fourth",0,"TERM954"
"282",0,"8PSK - three-fourth",0,"TERM764"
"283",0,"8PSK - three-fourth",0,"TERM874"
"284",0,"16APSK - two-third",0,"TERM751"
"285",200,"8PSK - three-fourth",199,"TERM859"
"286",0,"8PSK - three-fourth",0,"TERM653"
"287",0,"8PSK - three-fourth",0,"TERM645"
"288",0,"8PSK - three-fourth",0,"TERM647"
"289",0,"8PSK - three-fourth",0,"TERM637"
"290",0,"8PSK - three-fourth",0,"TERM634"
"291",0,"8PSK - three-fourth",0,"TERM643"
"292",10000,"16APSK - two-third",4350,"TERM654"
"293",0,"8PSK - three-fourth",0,"TERM579"
"294",0,"8PSK - three-fourth",0,"TERM625"
"295",5000,"8PSK - three-fourth",0,"TERM574"
"296",0,"8PSK - three-fourth",0,"TERM573"
"297",0,"QPSK - fifth-sixth",0,"TERM450"
"298",0,"8PSK - three-fourth",0,"TERM546"
"299",0,"16APSK - two-third",0,"TERM1114"
"300",0,"8PSK - three-fourth",0,"TERM1176"
"301",200,"8PSK - three-fourth",200,"TERM1361"
"302",20000,"8PSK - two-third",6999,"TERM1277"
"303",10000,"8PSK - three-fourth",9998,"TERM1337"
"304",5000,"8PSK - two-third",4999,"TERM1332"
"305",40000,"8PSK - two-third",32728,"TERM1243"
"306",0,"8PSK - three-fourth",0,"TERM1198"
"307",0,"8PSK - three-fourth",0,"TERM106"
"308",10000,"QPSK - fifth-sixth",0,"TERM1194"
"309",0,"8PSK - three-fourth",0,"TERM968"
"310",10000,"16APSK - two-third",9994,"TERM1157"
"311",40000,"8PSK - three-fourth",22782,"TERM1164"
"312",0,"8PSK - three-fourth",0,"TERM1152"
"313",0,"8PSK - three-fourth",0,"TERM1019"
"314",0,"8PSK - three-fourth",0,"TERM1093"
"315",0,"8PSK - three-fourth",0,"TERM1046"
"316",0,"16APSK - two-third",0,"TERM998"
"317",0,"8PSK - three-fourth",0,"TERM933"
"318",0,"16APSK - two-third",0,"TERM1018"
"319",0,"16APSK - two-third",0,"TERM1021"
"320",0,"8PSK - three-fourth",0,"TERM1012"
"321",0,"16APSK - two-third",0,"TERM1005"
"322",0,"16APSK - two-third",0,"TERM1038"
"323",0,"8PSK - three-fourth",0,"TERM1047"
"324",0,"8PSK - three-fourth",0,"TERM814"
"325",0,"8PSK - three-fourth",0,"TERM739"
"326",0,"8PSK - two-third",0,"TERM851"
"327",0,"8PSK - three-fourth",0,"TERM692"
"328",0,"8PSK - two-third",0,"TERM718"
"329",0,"8PSK - three-fourth",0,"TERM683"
"330",0,"8PSK - three-fourth",0,"TERM713"
"331",0,"8PSK - two-third",0,"TERM687"
"332",0,"16APSK - two-third",0,"TERM640"
"333",40000,"8PSK - three-fourth",16024,"TERM552"
"334",200,"16APSK - two-third",0,"TERM588"
"335",0,"8PSK - two-third",0,"TERM563"
"336",0,"8PSK - three-fourth",0,"TERM558"
"337",0,"8PSK - three-fourth",0,"TERM582"
"338",0,"8PSK - three-fourth",0,"TERM541"
"339",0,"8PSK - two-third",0,"TERM482"
"340",200,"8PSK - three-fourth",200,"TERM466"
"341",0,"8PSK - two-third",0,"TERM735"
"342",0,"QPSK - two-third",0,"TERM716"
"343",0,"8PSK - three-fourth",0,"TERM1359"
"344",0,"8PSK - two-third",0,"TERM1314"
"345",10000,"8PSK - three-fourth",9373,"TERM1329"
"346",5000,"8PSK - three-fourth",0,"TERM1128"
"347",0,"8PSK - two-third",0,"TERM1189"
"348",20000,"8PSK - two-third",0,"TERM1202"
"349",20000,"8PSK - two-third",0,"TERM1204"
"350",20000,"8PSK - two-third",0,"TERM1203"
"351",0,"8PSK - two-third",0,"TERM1148"
"352",200,"QPSK - fifth-sixth",185,"TERM1084"
"353",0,"QPSK - fifth-sixth",0,"TERM809"
"354",0,"8PSK - two-third",0,"TERM920"
"355",0,"8PSK - two-third",0,"TERM839"
"356",0,"8PSK - two-third",0,"TERM773"
"357",0,"8PSK - two-third",0,"TERM1249"
"358",40000,"8PSK - three-fourth",39860,"TERM51"
"359",0,"8PSK - three-fourth",0,"TERM1"
"360",0,"8PSK - two-third",0,"TERM506"
"361",0,"16APSK - two-third",0,"TERM1289"
"362",0,"8PSK - three-fourth",0,"TERM1245"
"363",0,"8PSK - three-fourth",0,"TERM1186"
"364",0,"8PSK - two-third",0,"TERM1000"
"365",0,"8PSK - three-fourth",0,"TERM1011"
"366",0,"8PSK - three-fourth",0,"TERM13"
"367",0,"16APSK - two-third",0,"TERM830"
"368",60000,"8PSK - three-fourth",57376,"TERM1303"
"369",60000,"8PSK - three-fourth",58432,"TERM1300"
"370",0,"8PSK - two-third",0,"TERM1052"
"371",60000,"8PSK - three-fourth",56968,"TERM1296"
"372",20000,"8PSK - three-fourth",0,"TERM1270"
"373",0,"8PSK - two-third",0,"TERM1087"
"374",0,"8PSK - two-third",0,"TERM1090"
"375",10000,"8PSK - three-fourth",0,"TERM1006"
"376",20000,"8PSK - two-third",0,"TERM1004"
"377",0,"8PSK - three-fourth",0,"TERM949"
"378",10000,"8PSK - three-fourth",2622,"TERM970"
"379",0,"8PSK - three-fourth",0,"TERM849"
"380",0,"16APSK - two-third",0,"TERM795"
"381",5000,"8PSK - two-third",0,"TERM530"
"382",60000,"8PSK - three-fourth",59915,"TERM1330"
"383",0,"8PSK - three-fourth",0,"TERM586"
"384",0,"8PSK - two-third",0,"TERM783"
"385",0,"8PSK - two-third",0,"TERM1182"
"386",20000,"8PSK - three-fourth",11228,"TERM1181"
"387",10000,"8PSK - three-fourth",0,"TERM1353"
"388",10000,"8PSK - fifth-sixth",0,"TERM1346"
"389",0,"QPSK - two-third",0,"TERM1272"
"390",0,"QPSK - fifth-sixth",0,"TERM438"
"391",0,"8PSK - three-fourth",0,"TERM165"
"392",0,"8PSK - two-third",0,"TERM452"
"393",0,"QPSK - two-third",0,"TERM1149"
"394",0,"QPSK - fifth-sixth",0,"TERM1145"
"395",0,"QPSK - two-third",0,"TERM1127"
"396",20000,"8PSK - two-third",12486,"TERM923"
"397",0,"QPSK - ninth-tenth",0,"TERM835"
"398",0,"8PSK - three-fourth",0,"TERM1069"
"399",0,"8PSK - two-third",0,"TERM857"
"400",200,"8PSK - two-third",61,"TERM1096"
"401",0,"QPSK - ninth-tenth",0,"TERM1070"
"402",0,"8PSK - two-third",0,"TERM593"
"403",0,"8PSK - two-third",0,"TERM87"
"404",0,"8PSK - two-third",0,"TERM938"
"405",0,"8PSK - two-third",0,"TERM931"
"406",0,"8PSK - two-third",0,"TERM934"
"407",0,"QPSK - two-third",0,"TERM415"
"408",0,"QPSK - ninth-tenth",0,"TERM792"
"409",0,"8PSK - fifth-sixth",0,"TERM670"
"410",0,"QPSK - ninth-tenth",0,"TERM247"
"411",0,"QPSK - ninth-tenth",0,"TERM400"
"412",0,"QPSK - ninth-tenth",0,"TERM750"
"413",0,"QPSK - ninth-tenth",0,"TERM252"
"414",0,"8PSK - fifth-sixth",0,"TERM699"
"415",0,"QPSK - ninth-tenth",0,"TERM673"
"416",0,"QPSK - ninth-tenth",0,"TERM621"
"417",0,"QPSK - ninth-tenth",0,"TERM619"
"418",0,"QPSK - fifth-sixth",0,"TERM495"
"419",0,"8PSK - two-third",0,"TERM535"
"420",0,"8PSK - three-fourth",0,"TERM548"
"421",0,"8PSK - three-fourth",0,"TERM529"
"422",0,"8PSK - three-fourth",0,"TERM523"
"423",0,"8PSK - three-fourth",0,"TERM542"
"424",0,"8PSK - two-third",0,"TERM1371"
"425",0,"8PSK - three-fourth",0,"TERM1349"
"426",200,"8PSK - three-fourth",199,"TERM1262"
"427",200,"8PSK - eight-ninth",199,"TERM1251"
"428",0,"8PSK - three-fourth",0,"TERM533"
"429",0,"8PSK - two-third",0,"TERM1188"
"430",0,"8PSK - two-third",0,"TERM740"
"431",0,"8PSK - three-fourth",0,"TERM1199"
"432",0,"8PSK - two-third",0,"TERM67"
"433",0,"8PSK - fifth-sixth",0,"TERM697"
"434",0,"8PSK - two-third",0,"TERM1142"
"435",200,"8PSK - two-third",0,"TERM1134"
"436",0,"8PSK - fifth-sixth",0,"TERM1030"
"437",0,"8PSK - three-fourth",0,"TERM1035"
"438",0,"8PSK - three-fourth",0,"TERM1107"
"439",0,"8PSK - fifth-sixth",0,"TERM717"
"440",0,"8PSK - two-third",0,"TERM1091"
"441",0,"8PSK - two-third",0,"TERM742"
"442",0,"8PSK - two-third",0,"TERM892"
"443",0,"8PSK - two-third",0,"TERM786"
"444",0,"8PSK - fifth-sixth",0,"TERM731"
"445",0,"8PSK - two-third",0,"TERM127"
"446",0,"8PSK - three-fourth",0,"TERM770"
"447",200,"8PSK - two-third",200,"TERM177"
"448",0,"8PSK - three-fourth",0,"TERM649"
"449",0,"8PSK - two-third",0,"TERM590"
"450",0,"8PSK - two-third",0,"TERM564"
"451",0,"8PSK - fifth-sixth",0,"TERM576"
"452",0,"8PSK - three-fourth",0,"TERM512"
"453",0,"8PSK - three-fourth",0,"TERM575"
"454",0,"8PSK - three-fourth",0,"TERM465"
"455",0,"8PSK - three-fourth",0,"TERM467"
"456",0,"8PSK - two-third",0,"TERM812"
"457",20000,"8PSK - three-fourth",19999,"TERM1288"
"458",10000,"8PSK - three-fourth",9999,"TERM1290"
"459",10000,"8PSK - three-fourth",8003,"TERM1304"
"460",10000,"8PSK - three-fourth",8629,"TERM1170"
"461",0,"8PSK - three-fourth",0,"TERM1207"
"462",0,"8PSK - fifth-sixth",0,"TERM1104"
"463",0,"8PSK - three-fourth",0,"TERM1082"
"464",0,"8PSK - two-third",0,"TERM791"
"465",0,"QPSK - fifth-sixth",0,"TERM797"
"466",0,"QPSK - ninth-tenth",0,"TERM761"
"467",0,"8PSK - three-fourth",0,"TERM746"
"468",0,"8PSK - three-fourth",0,"TERM873"
"469",0,"8PSK - three-fourth",0,"TERM912"
"470",0,"8PSK - two-third",0,"TERM578"
"471",0,"8PSK - three-fourth",0,"TERM1264"
"472",0,"8PSK - fifth-sixth",0,"TERM1117"
"473",10000,"8PSK - fifth-sixth",9836,"TERM53"
"474",0,"8PSK - three-fourth",0,"TERM1247"
"475",0,"8PSK - fifth-sixth",0,"TERM1166"
"476",0,"8PSK - fifth-sixth",0,"TERM737"
"477",0,"8PSK - fifth-sixth",0,"TERM693"
"478",0,"8PSK - fifth-sixth",0,"TERM905"
"479",0,"8PSK - fifth-sixth",0,"TERM824"
"480",0,"8PSK - three-fourth",0,"TERM595"
"481",0,"8PSK - two-third",0,"TERM644"
"482",0,"8PSK - fifth-sixth",0,"TERM587"
"483",0,"8PSK - fifth-sixth",0,"TERM1042"
"484",0,"8PSK - three-fourth",0,"TERM1293"
"485",0,"8PSK - fifth-sixth",0,"TERM698"
"486",5000,"QPSK - ninth-tenth",0,"TERM1260"
"487",0,"8PSK - fifth-sixth",0,"TERM800"
"488",0,"8PSK - two-third",0,"TERM762"
"489",0,"8PSK - three-fourth",0,"TERM1200"
"490",0,"8PSK - eight-ninth",0,"TERM499"
"491",0,"8PSK - fifth-sixth",0,"TERM661"
"492",0,"8PSK - fifth-sixth",0,"TERM1267"
"493",0,"8PSK - fifth-sixth",0,"TERM760"
"494",5000,"8PSK - fifth-sixth",4966,"TERM1240"
"495",20000,"8PSK - two-third",17946,"TERM958"
"496",20000,"8PSK - fifth-sixth",19994,"TERM1033"
"497",20000,"8PSK - three-fourth",0,"TERM972"
"498",20000,"8PSK - three-fourth",8252,"TERM1013"
"499",20000,"8PSK - three-fourth",0,"TERM990"
"500",20000,"QPSK - fifth-sixth",18594,"TERM935"
"501",20000,"8PSK - two-third",19999,"TERM1039"
"502",20000,"8PSK - three-fourth",17582,"TERM941"
"503",20000,"8PSK - fifth-sixth",19134,"TERM79"
"504",0,"8PSK - fifth-sixth",0,"TERM1222"
"505",0,"8PSK - two-third",0,"TERM1132"
"506",0,"8PSK - fifth-sixth",0,"TERM1125"
"507",0,"8PSK - fifth-sixth",0,"TERM669"
"508",0,"8PSK - three-fourth",0,"TERM818"
"509",0,"8PSK - two-third",0,"TERM1167"
"510",0,"8PSK - eight-ninth",0,"TERM1171"
"511",0,"8PSK - fifth-sixth",0,"TERM1120"
"512",0,"8PSK - two-third",0,"TERM1156"
"513",0,"8PSK - three-fourth",0,"TERM1185"
"514",0,"8PSK - three-fourth",0,"TERM1083"
"515",0,"8PSK - fifth-sixth",0,"TERM872"
"516",0,"8PSK - fifth-sixth",0,"TERM1160"
"517",0,"8PSK - fifth-sixth",0,"TERM842"
"518",5000,"8PSK - three-fourth",0,"TERM1172"
"519",0,"8PSK - three-fourth",0,"TERM1110"
"520",0,"8PSK - three-fourth",0,"TERM1103"
"521",0,"8PSK - two-third",0,"TERM514"
"522",0,"8PSK - three-fourth",0,"TERM828"
"523",0,"8PSK - fifth-sixth",0,"TERM1009"
"524",0,"8PSK - fifth-sixth",0,"TERM1025"
"525",0,"8PSK - fifth-sixth",0,"TERM850"
"526",0,"QPSK - fifth-sixth",0,"TERM480"
"527",0,"8PSK - three-fourth",0,"TERM928"
"528",0,"8PSK - fifth-sixth",0,"TERM782"
"529",0,"8PSK - three-fourth",0,"TERM823"
"530",0,"8PSK - fifth-sixth",0,"TERM803"
"531",0,"8PSK - fifth-sixth",0,"TERM749"
"532",0,"8PSK - three-fourth",0,"TERM778"
"533",0,"8PSK - fifth-sixth",0,"TERM755"
"534",0,"8PSK - fifth-sixth",0,"TERM790"
"535",0,"8PSK - fifth-sixth",0,"TERM404"
"536",0,"8PSK - fifth-sixth",0,"TERM624"
"537",0,"8PSK - fifth-sixth",0,"TERM710"
"538",0,"8PSK - fifth-sixth",0,"TERM686"
"539",0,"8PSK - three-fourth",0,"TERM796"
"540",5000,"8PSK - fifth-sixth",4984,"TERM808"
"541",0,"8PSK - three-fourth",0,"TERM664"
"542",0,"8PSK - fifth-sixth",0,"TERM722"
"543",0,"8PSK - fifth-sixth",0,"TERM719"
"544",0,"8PSK - fifth-sixth",0,"TERM701"
"545",20000,"8PSK - three-fourth",13994,"TERM656"
"546",0,"8PSK - two-third",0,"TERM652"
"547",0,"8PSK - fifth-sixth",0,"TERM545"
"548",0,"8PSK - fifth-sixth",0,"TERM589"
"549",0,"8PSK - fifth-sixth",0,"TERM556"
"550",0,"8PSK - two-third",0,"TERM603"
"551",200,"8PSK - fifth-sixth",199,"TERM429"
"552",0,"QPSK - ninth-tenth",0,"TERM468"
"553",0,"8PSK - three-fourth",0,"TERM1285"
"554",40000,"8PSK - eight-ninth",35539,"TERM1274"
"555",0,"8PSK - two-third",0,"TERM1246"
"556",0,"QPSK - fifth-sixth",0,"TERM1209"
"557",0,"QPSK - two-third",0,"TERM27"
"558",0,"8PSK - three-fourth",0,"TERM1135"
"559",0,"8PSK - three-fourth",0,"TERM1113"
"560",0,"8PSK - two-third",0,"TERM768"
"561",0,"8PSK - two-third",0,"TERM225"
"562",0,"8PSK - three-fourth",0,"TERM1010"
"563",0,"8PSK - eight-ninth",0,"TERM798"
"564",0,"8PSK - two-third",0,"TERM1016"
"565",0,"8PSK - three-fourth",0,"TERM865"
"566",0,"8PSK - three-fourth",0,"TERM937"
"567",0,"QPSK - ninth-tenth",0,"TERM868"
"568",0,"8PSK - three-fourth",0,"TERM775"
"569",0,"QPSK - ninth-tenth",0,"TERM817"
"570",0,"8PSK - three-fourth",0,"TERM805"
"571",0,"16APSK - five-sixth",0,"TERM728"
"572",0,"16APSK - five-sixth",0,"TERM598"
"573",0,"16APSK - five-sixth",0,"TERM591"
"574",5000,"8PSK - fifth-sixth",2765,"TERM1351"
"575",20000,"8PSK - fifth-sixth",1565,"TERM793"
"576",20000,"8PSK - fifth-sixth",19997,"TERM1328"
"577",0,"8PSK - three-fourth",0,"TERM1308"
"578",0,"8PSK - three-fourth",0,"TERM1305"
"579",0,"8PSK - fifth-sixth",0,"TERM1306"
"580",20000,"8PSK - three-fourth",11895,"TERM1256"
"581",0,"8PSK - three-fourth",0,"TERM738"
"582",10000,"8PSK - fifth-sixth",0,"TERM1232"
"583",40000,"8PSK - fifth-sixth",39965,"TERM568"
"584",0,"8PSK - fifth-sixth",0,"TERM1238"
"585",0,"8PSK - three-fourth",0,"TERM1121"
"586",0,"8PSK - three-fourth",0,"TERM1187"
"587",0,"8PSK - fifth-sixth",0,"TERM1109"
"588",40000,"8PSK - fifth-sixth",37687,"TERM1123"
"589",20000,"8PSK - three-fourth",8694,"TERM633"
"590",10000,"8PSK - fifth-sixth",0,"TERM1175"
"591",0,"8PSK - fifth-sixth",0,"TERM759"
"592",0,"8PSK - two-third",0,"TERM1056"
"593",0,"8PSK - fifth-sixth",0,"TERM997"
"594",0,"8PSK - three-fourth",0,"TERM1003"
"595",0,"8PSK - fifth-sixth",0,"TERM1102"
"596",0,"8PSK - three-fourth",0,"TERM1150"
"597",0,"8PSK - fifth-sixth",0,"TERM1154"
"598",0,"8PSK - fifth-sixth",0,"TERM1088"
"599",0,"8PSK - fifth-sixth",0,"TERM1115"
"600",0,"8PSK - fifth-sixth",0,"TERM1097"
"601",200,"8PSK - fifth-sixth",198,"TERM1063"
"602",0,"8PSK - fifth-sixth",0,"TERM534"
"603",0,"8PSK - fifth-sixth",0,"TERM602"
"604",0,"8PSK - two-third",0,"TERM1058"
"605",0,"8PSK - three-fourth",0,"TERM1054"
"606",0,"8PSK - fifth-sixth",0,"TERM1044"
"607",0,"8PSK - fifth-sixth",0,"TERM1032"
"608",0,"8PSK - fifth-sixth",0,"TERM147"
"609",0,"8PSK - fifth-sixth",0,"TERM996"
"610",0,"8PSK - three-fourth",0,"TERM1024"
"611",0,"8PSK - fifth-sixth",0,"TERM988"
"612",0,"8PSK - fifth-sixth",0,"TERM992"
"613",0,"8PSK - fifth-sixth",0,"TERM969"
"614",0,"8PSK - fifth-sixth",0,"TERM296"
"615",0,"8PSK - fifth-sixth",0,"TERM1017"
"616",0,"8PSK - fifth-sixth",0,"TERM976"
"617",0,"8PSK - fifth-sixth",0,"TERM965"
"618",0,"8PSK - three-fourth",0,"TERM917"
"619",0,"8PSK - fifth-sixth",0,"TERM1014"
"620",0,"8PSK - fifth-sixth",0,"TERM927"
"621",0,"8PSK - three-fourth",0,"TERM946"
"622",0,"8PSK - fifth-sixth",0,"TERM925"
"623",0,"8PSK - three-fourth",0,"TERM943"
"624",0,"8PSK - fifth-sixth",0,"TERM869"
"625",0,"8PSK - fifth-sixth",0,"TERM763"
"626",0,"8PSK - fifth-sixth",0,"TERM794"
"627",5000,"8PSK - three-fourth",0,"TERM771"
"628",0,"8PSK - fifth-sixth",0,"TERM837"
"629",0,"8PSK - three-fourth",0,"TERM802"
"630",5000,"8PSK - fifth-sixth",4280,"TERM781"
"631",0,"8PSK - three-fourth",0,"TERM733"
"632",0,"8PSK - fifth-sixth",0,"TERM804"
"633",0,"8PSK - fifth-sixth",0,"TERM801"
"634",0,"8PSK - fifth-sixth",0,"TERM627"
"635",0,"8PSK - fifth-sixth",0,"TERM741"
"636",0,"8PSK - two-third",0,"TERM612"
"637",0,"8PSK - three-fourth",0,"TERM618"
"638",0,"8PSK - three-fourth",0,"TERM660"
"639",0,"8PSK - three-fourth",0,"TERM680"
"640",0,"8PSK - fifth-sixth",0,"TERM665"
"641",0,"8PSK - fifth-sixth",0,"TERM553"
"642",0,"8PSK - three-fourth",0,"TERM729"
"643",0,"8PSK - fifth-sixth",0,"TERM471"
"644",0,"8PSK - fifth-sixth",0,"TERM513"
"645",0,"8PSK - fifth-sixth",0,"TERM650"
"646",0,"8PSK - fifth-sixth",0,"TERM560"
"647",0,"8PSK - fifth-sixth",0,"TERM539"
"648",0,"8PSK - fifth-sixth",0,"TERM525"
"649",0,"8PSK - fifth-sixth",0,"TERM501"
"650",0,"8PSK - three-fourth",0,"TERM486"
"651",0,"8PSK - three-fourth",0,"TERM485"
"652",0,"8PSK - fifth-sixth",0,"TERM472"
"653",0,"8PSK - fifth-sixth",0,"TERM478"
"654",0,"8PSK - fifth-sixth",0,"TERM521"
"655",0,"8PSK - fifth-sixth",0,"TERM540"
"656",0,"8PSK - two-third",0,"TERM549"
"657",0,"8PSK - two-third",0,"TERM565"
"658",0,"8PSK - fifth-sixth",0,"TERM500"
"659",0,"8PSK - fifth-sixth",0,"TERM605"
"660",0,"8PSK - fifth-sixth",0,"TERM461"
"661",0,"8PSK - two-third",0,"TERM453"
"662",0,"8PSK - fifth-sixth",0,"TERM559"
"663",0,"8PSK - three-fourth",0,"TERM610"
"664",0,"8PSK - eight-ninth",0,"TERM615"
"665",0,"8PSK - three-fourth",0,"TERM570"
"666",0,"8PSK - fifth-sixth",0,"TERM497"
"667",0,"8PSK - two-third",0,"TERM600"
"668",0,"8PSK - three-fourth",0,"TERM604"
"669",0,"8PSK - fifth-sixth",0,"TERM613"
"670",0,"8PSK - two-third",0,"TERM601"
"671",0,"8PSK - fifth-sixth",0,"TERM584"
"672",0,"8PSK - fifth-sixth",0,"TERM580"
"673",0,"8PSK - fifth-sixth",0,"TERM583"
"674",0,"8PSK - three-fourth",0,"TERM477"
"675",0,"8PSK - three-fourth",0,"TERM473"
"676",0,"8PSK - fifth-sixth",0,"TERM611"
"677",0,"8PSK - three-fourth",0,"TERM566"
"678",0,"8PSK - fifth-sixth",0,"TERM639"
"679",5000,"8PSK - fifth-sixth",0,"TERM571"
"680",0,"8PSK - fifth-sixth",0,"TERM609"
"681",0,"8PSK - fifth-sixth",0,"TERM629"
"682",0,"16APSK - five-sixth",0,"TERM614"
"683",0,"8PSK - fifth-sixth",0,"TERM409"
"684",0,"8PSK - fifth-sixth",0,"TERM456"
"685",0,"8PSK - fifth-sixth",0,"TERM561"
"686",60000,"8PSK - two-third",52899,"TERM1230"
"687",60000,"8PSK - fifth-sixth",38850,"TERM1075"
"688",0,"8PSK - fifth-sixth",0,"TERM550"
"689",40000,"8PSK - fifth-sixth",39947,"TERM747"
"690",5000,"8PSK - three-fourth",4561,"TERM1366"
"691",5000,"8PSK - three-fourth",0,"TERM1362"
"692",0,"8PSK - two-third",0,"TERM667"
"693",0,"8PSK - three-fourth",0,"TERM189"
"694",0,"8PSK - fifth-sixth",0,"TERM1244"
"695",0,"QPSK - ninth-tenth",0,"TERM672"
"696",0,"8PSK - two-third",0,"TERM141"
"697",20000,"8PSK - two-third",18915,"TERM241"
"698",0,"8PSK - eight-ninth",0,"TERM1236"
"699",0,"8PSK - fifth-sixth",0,"TERM1234"
"700",0,"QPSK - fifth-sixth",0,"TERM1228"
"701",0,"8PSK - fifth-sixth",0,"TERM1155"
"702",0,"8PSK - eight-ninth",0,"TERM1151"
"703",20000,"8PSK - two-third",10747,"TERM244"
"704",0,"QPSK - fifth-sixth",0,"TERM1193"
"705",0,"8PSK - three-fourth",0,"TERM662"
"706",0,"8PSK - fifth-sixth",0,"TERM1139"
"707",0,"8PSK - three-fourth",0,"TERM1008"
"708",0,"8PSK - three-fourth",0,"TERM1060"
"709",0,"8PSK - three-fourth",0,"TERM916"
"710",0,"8PSK - two-third",0,"TERM947"
"711",0,"QPSK - fifth-sixth",0,"TERM881"
"712",0,"8PSK - two-third",0,"TERM875"
"713",0,"8PSK - two-third",0,"TERM745"
"714",0,"QPSK - fifth-sixth",0,"TERM326"
"715",0,"8PSK - three-fourth",0,"TERM832"
"716",0,"8PSK - three-fourth",0,"TERM684"
"717",0,"8PSK - two-third",0,"TERM688"
"718",0,"8PSK - three-fourth",0,"TERM730"
"719",0,"8PSK - two-third",0,"TERM706"
"720",0,"8PSK - two-third",0,"TERM668"
"721",0,"8PSK - three-fourth",0,"TERM536"
"722",200,"8PSK - three-fourth",200,"TERM520"
"723",0,"8PSK - three-fourth",0,"TERM447"
"724",0,"8PSK - fifth-sixth",0,"TERM1229"
"725",200,"8PSK - fifth-sixth",199,"TERM1344"
"726",0,"8PSK - fifth-sixth",0,"TERM1101"
"727",0,"8PSK - fifth-sixth",0,"TERM921"
"728",0,"8PSK - fifth-sixth",0,"TERM876"
"729",0,"8PSK - fifth-sixth",0,"TERM734"
"730",0,"8PSK - fifth-sixth",0,"TERM700"
"731",0,"8PSK - fifth-sixth",0,"TERM705"
"732",0,"8PSK - fifth-sixth",0,"TERM562"
"733",0,"8PSK - fifth-sixth",0,"TERM197"
"734",0,"8PSK - fifth-sixth",0,"TERM554"
"735",0,"8PSK - fifth-sixth",0,"TERM569"
"736",0,"8PSK - three-fourth",0,"TERM505"
"737",0,"8PSK - three-fourth",0,"TERM518"
"738",0,"8PSK - fifth-sixth",0,"TERM481"
"739",0,"16APSK - five-sixth",0,"TERM1284"
"740",200,"8PSK - two-third",167,"TERM1210"
"741",10000,"8PSK - fifth-sixth",4899,"TERM1226"
"742",20000,"8PSK - fifth-sixth",11780,"TERM300"
"743",20000,"8PSK - three-fourth",5280,"TERM1053"
"744",10000,"8PSK - fifth-sixth",3115,"TERM974"
"745",200,"8PSK - three-fourth",200,"TERM1026"
"746",0,"8PSK - fifth-sixth",0,"TERM1131"
"747",0,"8PSK - fifth-sixth",0,"TERM1126"
"748",5000,"QPSK - two-third",0,"TERM963"
"749",10000,"8PSK - fifth-sixth",4500,"TERM1072"
"750",0,"8PSK - three-fourth",0,"TERM950"
"751",0,"8PSK - fifth-sixth",0,"TERM841"
"752",0,"8PSK - fifth-sixth",0,"TERM811"
"753",0,"8PSK - fifth-sixth",0,"TERM822"
"754",0,"16APSK - five-sixth",0,"TERM515"
"755",0,"QPSK - two-third",0,"TERM599"
"756",5000,"8PSK - fifth-sixth",4536,"TERM1363"
"757",0,"8PSK - fifth-sixth",0,"TERM1242"
"758",20000,"8PSK - two-third",17342,"TERM1073"
"759",0,"8PSK - fifth-sixth",0,"TERM1099"
"760",0,"8PSK - fifth-sixth",0,"TERM909"
"761",0,"8PSK - fifth-sixth",0,"TERM1048"
"762",0,"8PSK - fifth-sixth",0,"TERM1043"
"763",0,"8PSK - three-fourth",0,"TERM1036"
"764",0,"8PSK - three-fourth",0,"TERM1001"
"765",0,"8PSK - fifth-sixth",0,"TERM1031"
"766",0,"8PSK - three-fourth",0,"TERM1020"
"767",0,"8PSK - fifth-sixth",0,"TERM283"
"768",0,"8PSK - fifth-sixth",0,"TERM989"
"769",0,"8PSK - fifth-sixth",0,"TERM993"
"770",0,"16APSK - five-sixth",0,"TERM777"
"771",0,"8PSK - fifth-sixth",0,"TERM899"
"772",0,"8PSK - eight-ninth",0,"TERM789"
"773",0,"16APSK - five-sixth",0,"TERM658"
"774",0,"8PSK - fifth-sixth",0,"TERM720"
"775",200,"8PSK - fifth-sixth",199,"TERM774"
"776",0,"8PSK - three-fourth",0,"TERM813"
"777",0,"8PSK - fifth-sixth",0,"TERM725"
"778",0,"8PSK - three-fourth",0,"TERM757"
"779",0,"8PSK - fifth-sixth",0,"TERM708"
"780",0,"8PSK - fifth-sixth",0,"TERM707"
"781",0,"8PSK - fifth-sixth",0,"TERM711"
"782",0,"8PSK - fifth-sixth",0,"TERM702"
"783",0,"8PSK - three-fourth",0,"TERM732"
"784",0,"8PSK - three-fourth",0,"TERM29"
"785",0,"8PSK - fifth-sixth",0,"TERM690"
"786",0,"8PSK - fifth-sixth",0,"TERM459"
"787",0,"8PSK - two-third",0,"TERM462"
"788",0,"8PSK - fifth-sixth",0,"TERM464"
"789",0,"8PSK - fifth-sixth",0,"TERM538"
"790",0,"8PSK - fifth-sixth",0,"TERM522"
"791",0,"8PSK - fifth-sixth",0,"TERM510"
"792",0,"8PSK - three-fourth",0,"TERM494"
"793",0,"8PSK - fifth-sixth",0,"TERM484"
"794",0,"8PSK - fifth-sixth",0,"TERM460"
"795",0,"8PSK - fifth-sixth",0,"TERM216"
"796",0,"8PSK - fifth-sixth",0,"TERM1231"
"797",0,"8PSK - three-fourth",0,"TERM1266"
"798",0,"8PSK - three-fourth",0,"TERM1248"
"799",0,"8PSK - three-fourth",0,"TERM1237"
"800",0,"8PSK - fifth-sixth",0,"TERM373"
"801",0,"8PSK - fifth-sixth",0,"TERM1067"
"802",0,"8PSK - fifth-sixth",0,"TERM867"
"803",0,"8PSK - three-fourth",0,"TERM663"
"804",0,"QPSK - ninth-tenth",0,"TERM190"
"805",0,"8PSK - fifth-sixth",0,"TERM715"
"806",200,"8PSK - fifth-sixth",198,"TERM712"
"807",0,"8PSK - two-third",0,"TERM597"
"808",0,"8PSK - fifth-sixth",0,"TERM187"
"809",200,"8PSK - two-third",0,"TERM1250"
"810",200,"8PSK - two-third",0,"TERM385"
"811",200,"8PSK - three-fourth",191,"TERM369"
"812",200,"8PSK - three-fourth",198,"TERM371"
"813",200,"8PSK - two-third",191,"TERM173"
"814",200,"8PSK - three-fourth",0,"TERM316"
"815",200,"16APSK - two-third",186,"TERM325"
"816",200,"16APSK - two-third",200,"TERM352"
"817",200,"16APSK - two-third",188,"TERM395"
"818",200,"16APSK - two-third",0,"TERM396"
"819",200,"8PSK - three-fourth",0,"TERM384"
"820",200,"8PSK - three-fourth",0,"TERM358"
"821",200,"8PSK - three-fourth",200,"TERM292"
